movie_key,genre_key,genre_order,is_primary
mov_10_cloverfield_lane_2016_5f4fa2,gen_thriller,1,True
mov_10_cloverfield_lane_2016_5f4fa2,gen_horror,2,False
mov_13_hours_the_secret_soldiers_of_benghazi_2016_10854d,gen_action,1,True
mov_13_hours_the_secret_soldiers_of_benghazi_2016_10854d,gen_thriller,2,False
mov_2_guns_2013_ae1a91,gen_action,1,True
mov_2_guns_2013_ae1a91,gen_crime,2,False
mov_21_jump_street_2012_bf48d9,gen_comedy,1,True
mov_21_jump_street_2012_bf48d9,gen_action,2,False
mov_22_jump_street_2014_4fc280,gen_action,1,True
mov_22_jump_street_2014_4fc280,gen_comedy,2,False
mov_300_rise_of_an_empire_2014_0dc971,gen_action,1,True
mov_300_rise_of_an_empire_2014_0dc971,gen_fantasy,2,False
mov_42_2013_16c560,gen_biography,1,True
mov_42_2013_16c560,gen_drama,2,False
mov_71_2014_525029,gen_action,1,True
mov_71_2014_525029,gen_drama,2,False
mov_90_minutes_in_heaven_2015_051046,gen_drama,1,True
mov_a_good_day_to_die_hard_2013_307efc,gen_action,1,True
mov_a_good_day_to_die_hard_2013_307efc,gen_thriller,2,False
mov_a_haunted_house_2013_4f3e9c,gen_comedy,1,True
mov_a_haunted_house_2013_4f3e9c,gen_horror,2,False
mov_a_haunted_house_2_2014_fb42ab,gen_comedy,1,True
mov_a_long_way_down_2014_c8904e,gen_comedy,1,True
mov_a_most_violent_year_2014_02b971,gen_action,1,True
mov_a_most_violent_year_2014_02b971,gen_crime,2,False
mov_a_most_wanted_man_2014_97e912,gen_thriller,1,True
mov_a_thousand_words_2012_8efb4b,gen_comedy,1,True
mov_a_walk_among_the_tombstones_2014_b51555,gen_crime,1,True
mov_a_walk_among_the_tombstones_2014_b51555,gen_drama,2,False
mov_a_walk_in_the_woods_2015_d9f968,gen_adventure,1,True
mov_a_walk_in_the_woods_2015_d9f968,gen_comedy,2,False
mov_abraham_lincoln_vampire_hunter_2012_fb9c6b,gen_horror,1,True
mov_abraham_lincoln_vampire_hunter_2012_fb9c6b,gen_action,2,False
mov_after_earth_2013_4bc5f5,gen_sci_fi,1,True
mov_ain_t_them_bodies_saints_2013_f1b66b,gen_drama,1,True
mov_alex_cross_2012_9eb102,gen_crime,1,True
mov_alex_cross_2012_9eb102,gen_action,2,False
mov_aloha_2015_380291,gen_romance,1,True
mov_aloha_2015_380291,gen_comedy,2,False
mov_alvin_and_the_chipmunks_the_road_chip_2015_1d0bd5,gen_comedy,1,True
mov_alvin_and_the_chipmunks_the_road_chip_2015_1d0bd5,gen_family,2,False
mov_american_reunion_2012_97ec37,gen_comedy,1,True
mov_american_sniper_2014_640191,gen_drama,1,True
mov_american_ultra_2015_5ac194,gen_action,1,True
mov_american_ultra_2015_5ac194,gen_comedy,2,False
mov_amy_2015_f544da,gen_biography,1,True
mov_amy_2015_f544da,gen_documentary,2,False
mov_annabelle_2014_a961b5,gen_horror,1,True
mov_annie_2014_1cec51,gen_comedy,1,True
mov_annie_2014_1cec51,gen_drama,2,False
mov_ant_man_2015_56d6a9,gen_action,1,True
mov_ant_man_2015_56d6a9,gen_adventure,2,False
mov_argo_2012_c29beb,gen_drama,1,True
mov_as_above_so_below_2014_e0c821,gen_horror,1,True
mov_bad_moms_2016_2d6a46,gen_comedy,1,True
mov_barbershop_the_next_cut_2016_585bf8,gen_comedy,1,True
mov_batman_v_superman_dawn_of_justice_2016_269bdd,gen_action,1,True
mov_batman_the_killing_joke_2016_ecfe32,gen_action,1,True
mov_battle_of_the_year_2013_855bf1,gen_musical,1,True
mov_battleship_2012_fa7567,gen_action,1,True
mov_battleship_2012_fa7567,gen_sci_fi,2,False
mov_beasts_of_the_southern_wild_2012_29bc99,gen_drama,1,True
mov_beasts_of_the_southern_wild_2012_29bc99,gen_fantasy,2,False
mov_beautiful_creatures_2013_906f85,gen_fantasy,1,True
mov_beautiful_creatures_2013_906f85,gen_romance,2,False
mov_before_i_go_to_sleep_2014_62f00d,gen_mystery,1,True
mov_before_i_go_to_sleep_2014_62f00d,gen_thriller,2,False
mov_ben_hur_2016_1c95df,gen_adventure,1,True
mov_beyond_the_lights_2014_1af34b,gen_romance,1,True
mov_beyond_the_lights_2014_1af34b,gen_drama,2,False
mov_big_eyes_2014_928a9a,gen_biography,1,True
mov_big_eyes_2014_928a9a,gen_drama,2,False
mov_black_mass_2015_89e027,gen_action,1,True
mov_black_mass_2015_89e027,gen_drama,2,False
mov_blackhat_2015_c96081,gen_action,1,True
mov_blackhat_2015_c96081,gen_thriller,2,False
mov_blended_2014_ca708e,gen_comedy,1,True
mov_blended_2014_ca708e,gen_romance,2,False
mov_blue_jasmine_2013_af8735,gen_drama,1,True
mov_boyhood_2014_62596f,gen_drama,1,True
mov_brick_mansions_2014_d18618,gen_action,1,True
mov_bridge_of_spies_2015_8f66b7,gen_drama,1,True
mov_brooklyn_2015_bcdc9f,gen_drama,1,True
mov_brooklyn_2015_bcdc9f,gen_romance,2,False
mov_bullet_to_the_head_2013_30481b,gen_crime,1,True
mov_bullet_to_the_head_2013_30481b,gen_action,2,False
mov_burnt_2015_507a0d,gen_comedy,1,True
mov_burnt_2015_507a0d,gen_drama,2,False
mov_by_the_sea_2015_6ac30b,gen_drama,1,True
mov_captain_america_the_winter_soldier_2014_8971fc,gen_action,1,True
mov_captive_2015_6f4c02,gen_crime,1,True
mov_captive_2015_6f4c02,gen_thriller,2,False
mov_carol_2015_5edad6,gen_drama,1,True
mov_central_intelligence_2016_2164c6,gen_action,1,True
mov_central_intelligence_2016_2164c6,gen_comedy,2,False
mov_cesar_chavez_2014_daf024,gen_drama,1,True
mov_chappie_2015_8e2e2f,gen_sci_fi,1,True
mov_chasing_mavericks_2012_e6ec2e,gen_biography,1,True
mov_chasing_mavericks_2012_e6ec2e,gen_drama,2,False
mov_chef_2014_030731,gen_comedy,1,True
mov_chernobyl_diaries_2012_c7a4bc,gen_horror,1,True
mov_chernobyl_diaries_2012_c7a4bc,gen_thriller,2,False
mov_child_44_2015_ce1226,gen_drama,1,True
mov_chronicle_2012_645a38,gen_sci_fi,1,True
mov_chronicle_2012_645a38,gen_drama,2,False
mov_cloud_atlas_2012_7d8300,gen_drama,1,True
mov_cloud_atlas_2012_7d8300,gen_sci_fi,2,False
mov_cloudy_with_a_chance_of_meatballs_2_2013_c6673d,gen_family,1,True
mov_cloudy_with_a_chance_of_meatballs_2_2013_c6673d,gen_comedy,2,False
mov_concussion_2015_4ea3d7,gen_drama,1,True
mov_concussion_2015_4ea3d7,gen_sports,2,False
mov_creed_2015_9f59bf,gen_drama,1,True
mov_criminal_2016_8fa756,gen_action,1,True
mov_criminal_2016_8fa756,gen_thriller,2,False
mov_crimson_peak_2015_4dadaa,gen_horror,1,True
mov_crimson_peak_2015_4dadaa,gen_romance,2,False
mov_daddy_s_home_2015_30daa2,gen_comedy,1,True
mov_danny_collins_2015_4772c9,gen_comedy,1,True
mov_danny_collins_2015_4772c9,gen_drama,2,False
mov_dark_shadows_2012_de572a,gen_comedy,1,True
mov_dark_shadows_2012_de572a,gen_horror,2,False
mov_dark_skies_2013_02985d,gen_horror,1,True
mov_dark_skies_2013_02985d,gen_sci_fi,2,False
mov_dawn_of_the_planet_of_the_apes_2014_cedf6e,gen_action,1,True
mov_dawn_of_the_planet_of_the_apes_2014_cedf6e,gen_adventure,2,False
mov_dead_man_down_2013_6071e9,gen_action,1,True
mov_deadpool_2016_c3e82c,gen_action,1,True
mov_declaration_of_war_2012_f92177,gen_romance,1,True
mov_declaration_of_war_2012_f92177,gen_drama,2,False
mov_deliver_us_from_evil_2014_6ec673,gen_horror,1,True
mov_deliver_us_from_evil_2014_6ec673,gen_thriller,2,False
mov_despicable_me_2_2013_f75bad,gen_comedy,1,True
mov_despicable_me_2_2013_f75bad,gen_family,2,False
mov_devil_s_due_2014_e63df5,gen_horror,1,True
mov_devil_s_due_2014_e63df5,gen_thriller,2,False
mov_diary_of_a_wimpy_kid_dog_days_2012_dfdbcd,gen_comedy,1,True
mov_diary_of_a_wimpy_kid_dog_days_2012_dfdbcd,gen_family,2,False
mov_divergent_2014_9d9086,gen_sci_fi,1,True
mov_divergent_2014_9d9086,gen_action,2,False
mov_django_unchained_2012_88151e,gen_action,1,True
mov_django_unchained_2012_88151e,gen_drama,2,False
mov_dolphin_tale_2_2014_73f362,gen_family,1,True
mov_don_t_breathe_2016_2393a2,gen_thriller,1,True
mov_dr_seuss_the_lorax_2012_9a3a1a,gen_family,1,True
mov_dracula_untold_2014_0fcca7,gen_drama,1,True
mov_dracula_untold_2014_0fcca7,gen_horror,2,False
mov_draft_day_2014_3a5a72,gen_drama,1,True
mov_draft_day_2014_3a5a72,gen_sports,2,False
mov_dragon_blade_2015_e901c6,gen_action,1,True
mov_dumb_and_dumber_to_2014_46dff2,gen_comedy,1,True
mov_earth_to_echo_2014_4eec0e,gen_sci_fi,1,True
mov_earth_to_echo_2014_4eec0e,gen_family,2,False
mov_eddie_the_eagle_2016_0be4f1,gen_drama,1,True
mov_eddie_the_eagle_2016_0be4f1,gen_comedy,2,False
mov_edge_of_tomorrow_2014_f531e0,gen_action,1,True
mov_edge_of_tomorrow_2014_f531e0,gen_sci_fi,2,False
mov_elysium_2013_493f77,gen_sci_fi,1,True
mov_embrace_of_the_serpent_2015_fb36c6,gen_adventure,1,True
mov_embrace_of_the_serpent_2015_fb36c6,gen_drama,2,False
mov_end_of_watch_2012_81af36,gen_action,1,True
mov_end_of_watch_2012_81af36,gen_drama,2,False
mov_enough_said_2013_300526,gen_comedy,1,True
mov_entourage_2015_84cff6,gen_comedy,1,True
mov_epic_2013_76b8e8,gen_adventure,1,True
mov_epic_2013_76b8e8,gen_comedy,2,False
mov_escape_from_planet_earth_2013_de734a,gen_comedy,1,True
mov_escape_from_planet_earth_2013_de734a,gen_family,2,False
mov_evil_dead_2013_875f90,gen_horror,1,True
mov_ex_machina_2015_bb588c,gen_sci_fi,1,True
mov_ex_machina_2015_bb588c,gen_thriller,2,False
mov_eye_in_the_sky_2015_a5fee5,gen_thriller,1,True
mov_fantastic_four_2015_19e0e8,gen_action,1,True
mov_fantastic_four_2015_19e0e8,gen_adventure,2,False
mov_fast_furious_6_2013_8eba99,gen_action,1,True
mov_flight_2012_14d22d,gen_drama,1,True
mov_florence_foster_jenkins_2016_44ecdf,gen_biography,1,True
mov_florence_foster_jenkins_2016_44ecdf,gen_comedy,2,False
mov_frances_ha_2013_dc1053,gen_drama,1,True
mov_frances_ha_2013_dc1053,gen_comedy,2,False
mov_free_state_of_jones_2016_8471ed,gen_drama,1,True
mov_free_state_of_jones_2016_8471ed,gen_thriller,2,False
mov_friends_with_kids_2012_2e614b,gen_comedy,1,True
mov_friends_with_kids_2012_2e614b,gen_romance,2,False
mov_fun_size_2012_725b1a,gen_comedy,1,True
mov_fury_2014_300bf7,gen_action,1,True
mov_fury_2014_300bf7,gen_drama,2,False
mov_g_i_joe_retaliation_2013_8b589f,gen_action,1,True
mov_g_i_joe_retaliation_2013_8b589f,gen_adventure,2,False
mov_gangster_squad_2013_346223,gen_action,1,True
mov_gangster_squad_2013_346223,gen_crime,2,False
mov_get_hard_2015_bbebbf,gen_comedy,1,True
mov_get_on_up_2014_9599d8,gen_drama,1,True
mov_get_on_up_2014_9599d8,gen_biography,2,False
mov_getaway_2013_4c3919,gen_action,1,True
mov_ghost_rider_spirit_of_vengeance_2012_c0a458,gen_action,1,True
mov_ghost_rider_spirit_of_vengeance_2012_c0a458,gen_fantasy,2,False
mov_ghostbusters_2016_c99caa,gen_comedy,1,True
mov_ghostbusters_2016_c99caa,gen_sci_fi,2,False
mov_god_s_not_dead_2014_d557b0,gen_religious,1,True
mov_god_s_not_dead_2_2016_46018f,gen_religious,1,True
mov_gods_of_egypt_2016_cc0090,gen_action,1,True
mov_gods_of_egypt_2016_cc0090,gen_fantasy,2,False
mov_godzilla_2014_92550e,gen_action,1,True
mov_godzilla_2014_92550e,gen_adventure,2,False
mov_gone_girl_2014_643b4f,gen_mystery,1,True
mov_gone_girl_2014_643b4f,gen_thriller,2,False
mov_good_deeds_2012_6c8c52,gen_romance,1,True
mov_good_deeds_2012_6c8c52,gen_drama,2,False
mov_goosebumps_2015_f355f4,gen_action,1,True
mov_goosebumps_2015_f355f4,gen_fantasy,2,False
mov_grown_ups_2_2013_6361d1,gen_comedy,1,True
mov_hail_caesar_2016_cbe22d,gen_comedy,1,True
mov_hands_of_stone_2016_d7dea3,gen_biography,1,True
mov_hands_of_stone_2016_d7dea3,gen_drama,2,False
mov_hansel_and_gretel_witch_hunters_2013_d67e80,gen_action,1,True
mov_hansel_and_gretel_witch_hunters_2013_d67e80,gen_fantasy,2,False
mov_heaven_is_for_real_2014_cc80ab,gen_religious,1,True
mov_here_comes_the_boom_2012_10c9d2,gen_comedy,1,True
mov_hit_and_run_2012_361236,gen_action,1,True
mov_hit_and_run_2012_361236,gen_comedy,2,False
mov_hitman_agent_47_2015_4eb014,gen_action,1,True
mov_hitman_agent_47_2015_4eb014,gen_thriller,2,False
mov_home_2015_a464a3,gen_animation,1,True
mov_home_2015_a464a3,gen_comedy,2,False
mov_hope_springs_2012_aa8fa4,gen_romance,1,True
mov_hope_springs_2012_aa8fa4,gen_drama,2,False
mov_horrible_bosses_2_2014_04bc60,gen_comedy,1,True
mov_hot_pursuit_2015_5d2ba0,gen_action,1,True
mov_hot_pursuit_2015_5d2ba0,gen_comedy,2,False
mov_hotel_transylvania_2012_ec552c,gen_fantasy,1,True
mov_hotel_transylvania_2_2015_424e59,gen_fantasy,1,True
mov_hotel_transylvania_2_2015_424e59,gen_comedy,2,False
mov_how_to_train_your_dragon_2_2014_9abc6b,gen_family,1,True
mov_i_2015_3650ce,gen_romance,1,True
mov_i_2015_3650ce,gen_thriller,2,False
mov_i_saw_the_light_2015_c0bfa8,gen_drama,1,True
mov_i_saw_the_light_2015_c0bfa8,gen_musical,2,False
mov_ice_age_collision_course_2016_31fea1,gen_adventure,1,True
mov_ice_age_continental_drift_2012_1a5c9b,gen_adventure,1,True
mov_identity_thief_2013_fca51d,gen_action,1,True
mov_identity_thief_2013_fca51d,gen_comedy,2,False
mov_if_i_stay_2014_406424,gen_drama,1,True
mov_in_the_heart_of_the_sea_2015_d9ea12,gen_biography,1,True
mov_independence_day_resurgence_2016_83754e,gen_action,1,True
mov_independence_day_resurgence_2016_83754e,gen_adventure,2,False
mov_insidious_chapter_2_2013_47cf9f,gen_horror,1,True
mov_insidious_chapter_3_2015_940b98,gen_horror,1,True
mov_interstellar_2014_7becf7,gen_sci_fi,1,True
mov_into_the_storm_2014_55ac4f,gen_adventure,1,True
mov_into_the_storm_2014_55ac4f,gen_thriller,2,False
mov_iron_sky_2012_b7610c,gen_comedy,1,True
mov_iron_sky_2012_b7610c,gen_sci_fi,2,False
mov_irrational_man_2015_9c9007,gen_mystery,1,True
mov_irrational_man_2015_9c9007,gen_drama,2,False
mov_jack_reacher_2012_35a638,gen_action,1,True
mov_jack_reacher_2012_35a638,gen_drama,2,False
mov_jack_ryan_shadow_recruit_2014_5602d3,gen_action,1,True
mov_jack_ryan_shadow_recruit_2014_5602d3,gen_adventure,2,False
mov_jane_got_a_gun_2016_535baf,gen_action,1,True
mov_jane_got_a_gun_2016_535baf,gen_drama,2,False
mov_jason_bourne_2016_577c72,gen_action,1,True
mov_jason_bourne_2016_577c72,gen_thriller,2,False
mov_jeff_who_lives_at_home_2012_a13b75,gen_comedy,1,True
mov_jeff_who_lives_at_home_2012_a13b75,gen_drama,2,False
mov_jem_and_the_holograms_2015_90827b,gen_musical,1,True
mov_jem_and_the_holograms_2015_90827b,gen_comedy,2,False
mov_jersey_boys_2014_7ea185,gen_drama,1,True
mov_jersey_boys_2014_7ea185,gen_musical,2,False
mov_jobs_2013_fb5775,gen_biography,1,True
mov_john_wick_2014_33c569,gen_action,1,True
mov_john_wick_2014_33c569,gen_thriller,2,False
mov_journey_2_the_mysterious_island_2012_06583c,gen_adventure,1,True
mov_joy_2015_f5c55c,gen_comedy,1,True
mov_joy_2015_f5c55c,gen_drama,2,False
mov_keanu_2016_6e88b6,gen_comedy,1,True
mov_kill_the_messenger_2014_00d3d4,gen_crime,1,True
mov_kill_the_messenger_2014_00d3d4,gen_drama,2,False
mov_killing_them_softly_2012_f9ece3,gen_crime,1,True
mov_killing_them_softly_2012_f9ece3,gen_drama,2,False
mov_kingsman_the_secret_service_2014_ca649f,gen_action,1,True
mov_krampus_2015_7de987,gen_horror,1,True
mov_kubo_and_the_two_strings_2016_092896,gen_fantasy,1,True
mov_kung_fu_panda_3_2016_2a837a,gen_action,1,True
mov_kung_fu_panda_3_2016_2a837a,gen_comedy,2,False
mov_lazer_team_2016_52b138,gen_sci_fi,1,True
mov_lazer_team_2016_52b138,gen_comedy,2,False
mov_left_behind_2014_988e60,gen_religious,1,True
mov_left_behind_2014_988e60,gen_thriller,2,False
mov_les_miserables_2012_7386b1,gen_musical,1,True
mov_let_s_be_cops_2014_0e5b2f,gen_action,1,True
mov_let_s_be_cops_2014_0e5b2f,gen_comedy,2,False
mov_life_of_pi_2012_15308e,gen_drama,1,True
mov_life_of_pi_2012_15308e,gen_adventure,2,False
mov_lights_out_2016_30d411,gen_horror,1,True
mov_lights_out_2016_30d411,gen_thriller,2,False
mov_lincoln_2012_4572a3,gen_drama,1,True
mov_little_boy_2015_b161af,gen_drama,1,True
mov_lockout_2012_08bce6,gen_action,1,True
mov_lockout_2012_08bce6,gen_sci_fi,2,False
mov_london_has_fallen_2016_780ddb,gen_action,1,True
mov_looper_2012_c4a7ef,gen_action,1,True
mov_looper_2012_c4a7ef,gen_sci_fi,2,False
mov_love_the_coopers_2015_f9a234,gen_romance,1,True
mov_love_the_coopers_2015_f9a234,gen_comedy,2,False
mov_lucy_2014_f15b83,gen_sci_fi,1,True
mov_mad_max_fury_road_2015_3b2302,gen_action,1,True
mov_madagascar_3_europe_s_most_wanted_2012_d89227,gen_comedy,1,True
mov_magic_in_the_moonlight_2014_dcf7d6,gen_comedy,1,True
mov_mama_2013_027573,gen_horror,1,True
mov_mama_2013_027573,gen_thriller,2,False
mov_man_of_steel_2013_918825,gen_action,1,True
mov_man_of_steel_2013_918825,gen_adventure,2,False
mov_man_on_a_ledge_2012_d2c118,gen_action,1,True
mov_man_on_a_ledge_2012_d2c118,gen_drama,2,False
mov_max_2015_08d2bd,gen_adventure,1,True
mov_maze_runner_the_scorch_trials_2015_6b7acf,gen_sci_fi,1,True
mov_maze_runner_the_scorch_trials_2015_6b7acf,gen_action,2,False
mov_me_and_earl_and_the_dying_girl_2015_876218,gen_comedy,1,True
mov_me_and_earl_and_the_dying_girl_2015_876218,gen_drama,2,False
mov_me_before_you_2016_504044,gen_drama,1,True
mov_me_before_you_2016_504044,gen_romance,2,False
mov_mechanic_resurrection_2016_6d0d6a,gen_action,1,True
mov_men_in_black_3_2012_17a291,gen_comedy,1,True
mov_men_in_black_3_2012_17a291,gen_fantasy,2,False
mov_midnight_special_2016_72b12a,gen_sci_fi,1,True
mov_miracles_from_heaven_2016_885627,gen_drama,1,True
mov_mirror_mirror_2012_f3342d,gen_fantasy,1,True
mov_mirror_mirror_2012_f3342d,gen_adventure,2,False
mov_mission_impossible_rogue_nation_2015_695740,gen_action,1,True
mov_moms_night_out_2014_0f1575,gen_religious,1,True
mov_moms_night_out_2014_0f1575,gen_comedy,2,False
mov_money_monster_2016_18ea53,gen_drama,1,True
mov_monster_hunt_2016_7aa9aa,gen_action,1,True
mov_monster_hunt_2016_7aa9aa,gen_comedy,2,False
mov_moonrise_kingdom_2012_7b6ff4,gen_comedy,1,True
mov_moonrise_kingdom_2012_7b6ff4,gen_romance,2,False
mov_mortdecai_2015_f47159,gen_action,1,True
mov_mortdecai_2015_f47159,gen_comedy,2,False
mov_mother_s_day_2016_9a3870,gen_comedy,1,True
mov_mother_s_day_2016_9a3870,gen_drama,2,False
mov_mr_peabody_sherman_2014_11692b,gen_family,1,True
mov_mud_2013_5ee5cd,gen_drama,1,True
mov_mustang_2015_4fb3d7,gen_drama,1,True
mov_my_all_american_2015_5bb9e0,gen_biography,1,True
mov_my_all_american_2015_5bb9e0,gen_sports,2,False
mov_my_big_fat_greek_wedding_2_2016_660996,gen_romance,1,True
mov_my_big_fat_greek_wedding_2_2016_660996,gen_comedy,2,False
mov_need_for_speed_2014_4e3e0e,gen_action,1,True
mov_neighbors_2014_b4ab19,gen_comedy,1,True
mov_neighbors_2_sorority_rising_2016_54f827,gen_comedy,1,True
mov_nerve_2016_541a5e,gen_thriller,1,True
mov_night_at_the_museum_secret_of_the_tomb_2014_b69f46,gen_comedy,1,True
mov_nightcrawler_2014_d9e1d3,gen_drama,1,True
mov_nine_lives_2016_d3d7ff,gen_comedy,1,True
mov_no_escape_2015_29da91,gen_action,1,True
mov_no_escape_2015_29da91,gen_thriller,2,False
mov_no_good_deed_2014_24b5b0,gen_crime,1,True
mov_no_one_lives_2013_78e50a,gen_horror,1,True
mov_noah_2014_3e5ed3,gen_adventure,1,True
mov_noah_2014_3e5ed3,gen_drama,2,False
mov_non_stop_2014_9c6570,gen_thriller,1,True
mov_now_you_see_me_2013_7b81f2,gen_crime,1,True
mov_now_you_see_me_2_2016_27bc92,gen_thriller,1,True
mov_oblivion_2013_d1467e,gen_action,1,True
mov_oblivion_2013_d1467e,gen_sci_fi,2,False
mov_olympus_has_fallen_2013_2f69ac,gen_action,1,True
mov_one_direction_this_is_us_2013_ffbbd0,gen_documentary,1,True
mov_one_direction_this_is_us_2013_ffbbd0,gen_musical,2,False
mov_one_for_the_money_2012_9407cb,gen_crime,1,True
mov_one_for_the_money_2012_9407cb,gen_romance,2,False
mov_ouija_2014_d39cb5,gen_horror,1,True
mov_our_brand_is_crisis_2015_45794a,gen_comedy,1,True
mov_our_brand_is_crisis_2015_45794a,gen_drama,2,False
mov_pacific_rim_2013_3a8452,gen_action,1,True
mov_pacific_rim_2013_3a8452,gen_sci_fi,2,False
mov_pain_gain_2013_ad6f5b,gen_action,1,True
mov_pain_gain_2013_ad6f5b,gen_comedy,2,False
mov_pan_2015_a9f172,gen_fantasy,1,True
mov_pan_2015_a9f172,gen_adventure,2,False
mov_paper_towns_2015_3b0759,gen_romance,1,True
mov_paper_towns_2015_3b0759,gen_mystery,2,False
mov_paranormal_activity_4_2012_e85b85,gen_thriller,1,True
mov_paranormal_activity_the_ghost_dimension_2015_49c3d9,gen_horror,1,True
mov_paranorman_2012_a3ffee,gen_fantasy,1,True
mov_parental_guidance_2012_adc01c,gen_comedy,1,True
mov_parker_2013_95b36c,gen_crime,1,True
mov_parker_2013_95b36c,gen_action,2,False
mov_paul_blart_mall_cop_2_2015_5478ca,gen_action,1,True
mov_paul_blart_mall_cop_2_2015_5478ca,gen_comedy,2,False
mov_pawn_sacrifice_2015_087423,gen_biography,1,True
mov_pawn_sacrifice_2015_087423,gen_drama,2,False
mov_penguins_of_madagascar_2014_ed77e7,gen_family,1,True
mov_people_like_us_2012_2647e7,gen_drama,1,True
mov_percy_jackson_sea_of_monsters_2013_e0d608,gen_adventure,1,True
mov_percy_jackson_sea_of_monsters_2013_e0d608,gen_fantasy,2,False
mov_pitch_perfect_2012_0a82a6,gen_comedy,1,True
mov_pitch_perfect_2012_0a82a6,gen_musical,2,False
mov_pitch_perfect_2_2015_3074f1,gen_comedy,1,True
mov_pixels_2015_10b706,gen_comedy,1,True
mov_pixels_2015_10b706,gen_action,2,False
mov_point_break_2015_782b79,gen_action,1,True
mov_point_break_2015_782b79,gen_thriller,2,False
mov_polis_evo_2015_30b089,gen_action,1,True
mov_poltergeist_2015_5ee318,gen_horror,1,True
mov_pompeii_2014_5f04c8,gen_action,1,True
mov_pompeii_2014_5f04c8,gen_adventure,2,False
mov_popstar_never_stop_never_stopping_2016_dbd047,gen_comedy,1,True
mov_premium_rush_2012_8b4476,gen_action,1,True
mov_pride_and_prejudice_and_zombies_2016_dcca56,gen_comedy,1,True
mov_pride_and_prejudice_and_zombies_2016_dcca56,gen_horror,2,False
mov_prisoners_2013_a310f7,gen_crime,1,True
mov_project_almanac_2015_a8bbb5,gen_sci_fi,1,True
mov_project_almanac_2015_a8bbb5,gen_adventure,2,False
mov_project_x_2012_90bb1d,gen_comedy,1,True
mov_prometheus_2012_e30a77,gen_sci_fi,1,True
mov_prometheus_2012_e30a77,gen_horror,2,False
mov_promised_land_2012_504c2c,gen_drama,1,True
mov_r_i_p_d_2013_d2f3f7,gen_action,1,True
mov_r_i_p_d_2013_d2f3f7,gen_comedy,2,False
mov_race_2016_ee9a3b,gen_drama,1,True
mov_race_2016_ee9a3b,gen_sports,2,False
mov_raiders_of_the_lost_ark_the_imax_experience_2012_a05c3b,gen_action,1,True
mov_raiders_of_the_lost_ark_the_imax_experience_2012_a05c3b,gen_adventure,2,False
mov_rams_2015_c971a1,gen_drama,1,True
mov_ratchet_clank_2016_e70783,gen_sci_fi,1,True
mov_ratchet_clank_2016_e70783,gen_action,2,False
mov_red_2_2013_edce70,gen_action,1,True
mov_red_2_2013_edce70,gen_comedy,2,False
mov_red_dawn_2012_86bea2,gen_action,1,True
mov_red_tails_2012_7c3726,gen_drama,1,True
mov_resident_evil_retribution_2012_8cc73b,gen_action,1,True
mov_resident_evil_retribution_2012_8cc73b,gen_horror,2,False
mov_ricki_and_the_flash_2015_5f8709,gen_comedy,1,True
mov_ricki_and_the_flash_2015_5f8709,gen_drama,2,False
mov_riddick_2013_156a52,gen_action,1,True
mov_riddick_2013_156a52,gen_sci_fi,2,False
mov_ride_along_2014_b6c489,gen_action,1,True
mov_ride_along_2014_b6c489,gen_comedy,2,False
mov_ride_along_2_2016_37e4cb,gen_comedy,1,True
mov_ride_along_2_2016_37e4cb,gen_action,2,False
mov_rio_2_2014_dbcb3e,gen_family,1,True
mov_rise_of_the_guardians_2012_c114ac,gen_adventure,1,True
mov_risen_2016_9fceaf,gen_drama,1,True
mov_robocop_2014_ffe5b8,gen_action,1,True
mov_robocop_2014_ffe5b8,gen_adventure,2,False
mov_robot_frank_2012_97f882,gen_comedy,1,True
mov_robot_frank_2012_97f882,gen_drama,2,False
mov_rock_of_ages_2012_750ea7,gen_musical,1,True
mov_rock_of_ages_2012_750ea7,gen_drama,2,False
mov_rock_the_kasbah_2015_5508d2,gen_comedy,1,True
mov_romeo_and_juliet_2013_e61ff0,gen_drama,1,True
mov_room_2015_239643,gen_drama,1,True
mov_room_2015_239643,gen_thriller,2,False
mov_run_all_night_2015_25f115,gen_action,1,True
mov_runner_runner_2013_e3f20c,gen_crime,1,True
mov_rush_2013_0af034,gen_action,1,True
mov_sabotage_2014_6740b9,gen_action,1,True
mov_safe_house_2012_9be096,gen_action,1,True
mov_salmon_fishing_in_the_yemen_2012_8b0129,gen_drama,1,True
mov_salmon_fishing_in_the_yemen_2012_8b0129,gen_romance,2,False
mov_savages_2012_50f640,gen_crime,1,True
mov_savages_2012_50f640,gen_drama,2,False
mov_scary_movie_5_2013_6f1508,gen_comedy,1,True
mov_scary_movie_5_2013_6f1508,gen_horror,2,False
mov_secret_in_their_eyes_2015_d75282,gen_crime,1,True
mov_secret_in_their_eyes_2015_d75282,gen_thriller,2,False
mov_self_less_2015_6f2ca7,gen_drama,1,True
mov_self_less_2015_6f2ca7,gen_sci_fi,2,False
mov_selma_2014_fa31d5,gen_drama,1,True
mov_seventh_son_2014_7ecefa,gen_fantasy,1,True
mov_shaun_the_sheep_movie_2015_7667ea,gen_adventure,1,True
mov_shaun_the_sheep_movie_2015_7667ea,gen_comedy,2,False
mov_sicario_2015_7b0c81,gen_crime,1,True
mov_sicario_2015_7b0c81,gen_drama,2,False
mov_side_effects_2013_be27d4,gen_crime,1,True
mov_silent_hill_revelation_3d_2012_5b4bee,gen_horror,1,True
mov_silver_linings_playbook_2012_be98c4,gen_drama,1,True
mov_sin_city_a_dame_to_kill_for_2014_d0f66f,gen_crime,1,True
mov_sin_city_a_dame_to_kill_for_2014_d0f66f,gen_thriller,2,False
mov_sinister_2012_f06ca3,gen_horror,1,True
mov_sinister_2012_f06ca3,gen_thriller,2,False
mov_sinister_2_2015_b9bfcd,gen_horror,1,True
mov_sisters_2015_437881,gen_comedy,1,True
mov_snitch_2013_234675,gen_action,1,True
mov_snow_white_and_the_huntsman_2012_3b1e2b,gen_action,1,True
mov_snow_white_and_the_huntsman_2012_3b1e2b,gen_fantasy,2,False
mov_son_of_god_2014_faf0fb,gen_drama,1,True
mov_son_of_saul_2015_ba2951,gen_drama,1,True
mov_southpaw_2015_9e20f9,gen_drama,1,True
mov_spotlight_2015_f3030a,gen_drama,1,True
mov_spy_2015_5328fa,gen_action,1,True
mov_spy_2015_5328fa,gen_comedy,2,False
mov_st_vincent_2014_ad652a,gen_comedy,1,True
mov_stand_by_me_doraemon_2014_0e268b,gen_animation,1,True
mov_star_trek_beyond_2016_792874,gen_action,1,True
mov_star_trek_beyond_2016_792874,gen_adventure,2,False
mov_step_up_all_in_2014_ab9fdd,gen_drama,1,True
mov_steve_jobs_2015_26b3db,gen_biography,1,True
mov_straight_outta_compton_2015_ec0225,gen_biography,1,True
mov_straight_outta_compton_2015_ec0225,gen_drama,2,False
mov_suffragette_2015_5b13af,gen_drama,1,True
mov_suicide_squad_2016_945a24,gen_action,1,True
mov_taken_2_2012_7cbd9e,gen_action,1,True
mov_taken_2_2012_7cbd9e,gen_thriller,2,False
mov_tammy_2014_98c103,gen_comedy,1,True
mov_ted_2012_37a7e0,gen_comedy,1,True
mov_ted_2_2015_0bc8d1,gen_comedy,1,True
mov_teenage_mutant_ninja_turtles_2014_2849b1,gen_action,1,True
mov_teenage_mutant_ninja_turtles_2014_2849b1,gen_comedy,2,False
mov_teenage_mutant_ninja_turtles_out_of_the_shadows_2016_8fbb7e,gen_action,1,True
mov_terminator_genisys_2015_80a019,gen_sci_fi,1,True
mov_terminator_genisys_2015_80a019,gen_action,2,False
mov_texas_chainsaw_3d_2013_7680af,gen_horror,1,True
mov_that_awkward_moment_2014_93eb04,gen_comedy,1,True
mov_that_awkward_moment_2014_93eb04,gen_romance,2,False
mov_the_33_2015_d3ccf6,gen_drama,1,True
mov_the_5th_wave_2016_4e216a,gen_sci_fi,1,True
mov_the_5th_wave_2016_4e216a,gen_adventure,2,False
mov_the_age_of_adaline_2015_83bf3c,gen_romance,1,True
mov_the_amazing_spider_man_2012_660d52,gen_action,1,True
mov_the_amazing_spider_man_2012_660d52,gen_fantasy,2,False
mov_the_angry_birds_movie_2016_78c2b0,gen_comedy,1,True
mov_the_best_exotic_marigold_hotel_2012_42409e,gen_comedy,1,True
mov_the_best_exotic_marigold_hotel_2012_42409e,gen_drama,2,False
mov_the_big_short_2015_8be854,gen_biography,1,True
mov_the_big_short_2015_8be854,gen_drama,2,False
mov_the_bling_ring_2013_dccda1,gen_comedy,1,True
mov_the_bling_ring_2013_dccda1,gen_crime,2,False
mov_the_book_of_life_2014_eed726,gen_family,1,True
mov_the_boss_2016_87ae53,gen_comedy,1,True
mov_the_bourne_legacy_2012_819c98,gen_action,1,True
mov_the_bourne_legacy_2012_819c98,gen_thriller,2,False
mov_the_boxtrolls_2014_b06e20,gen_family,1,True
mov_the_boy_2016_c0f841,gen_horror,1,True
mov_the_boy_2016_c0f841,gen_thriller,2,False
mov_the_butler_2013_54d78b,gen_drama,1,True
mov_the_butler_2013_54d78b,gen_biography,2,False
mov_the_cabin_in_the_woods_2012_277dcc,gen_horror,1,True
mov_the_cabin_in_the_woods_2012_277dcc,gen_comedy,2,False
mov_the_call_2013_c11cc7,gen_mystery,1,True
mov_the_campaign_2012_e8a482,gen_comedy,1,True
mov_the_cold_light_of_day_2012_b87e12,gen_action,1,True
mov_the_cold_light_of_day_2012_b87e12,gen_thriller,2,False
mov_the_collection_2012_8b8a41,gen_horror,1,True
mov_the_conjuring_2013_5fd30d,gen_thriller,1,True
mov_the_conjuring_2013_5fd30d,gen_horror,2,False
mov_the_conjuring_2_2016_594a70,gen_horror,1,True
mov_the_croods_2013_cda5f8,gen_adventure,1,True
mov_the_croods_2013_cda5f8,gen_comedy,2,False
mov_the_danish_girl_2015_b012a1,gen_drama,1,True
mov_the_darkness_2016_d6cddc,gen_horror,1,True
mov_the_devil_inside_2012_534f7a,gen_horror,1,True
mov_the_devil_inside_2012_534f7a,gen_drama,2,False
mov_the_dictator_2012_5600ae,gen_comedy,1,True
mov_the_divergent_series_allegiant_2016_706cad,gen_adventure,1,True
mov_the_divergent_series_allegiant_2016_706cad,gen_action,2,False
mov_the_divergent_series_insurgent_2015_598875,gen_sci_fi,1,True
mov_the_divergent_series_insurgent_2015_598875,gen_action,2,False
mov_the_drop_2014_cf67f4,gen_drama,1,True
mov_the_duff_2015_997cae,gen_comedy,1,True
mov_the_east_2013_fe1942,gen_crime,1,True
mov_the_equalizer_2014_79dcac,gen_thriller,1,True
mov_the_expendables_2_2012_09c622,gen_action,1,True
mov_the_expendables_3_2014_18b9f1,gen_action,1,True
mov_the_family_2013_80921b,gen_crime,1,True
mov_the_fault_in_our_stars_2014_451784,gen_drama,1,True
mov_the_five_year_engagement_2012_ddc212,gen_comedy,1,True
mov_the_five_year_engagement_2012_ddc212,gen_romance,2,False
mov_the_forest_2016_056526,gen_horror,1,True
mov_the_gift_2015_fd9914,gen_thriller,1,True
mov_the_giver_2014_81bd10,gen_sci_fi,1,True
mov_the_grand_budapest_hotel_2014_91d8cc,gen_comedy,1,True
mov_the_great_gatsby_2013_5c9aae,gen_drama,1,True
mov_the_great_gatsby_2013_5c9aae,gen_romance,2,False
mov_the_grey_2012_3dbb32,gen_action,1,True
mov_the_grey_2012_3dbb32,gen_drama,2,False
mov_the_gunman_2015_5d353b,gen_thriller,1,True
mov_the_hangover_part_iii_2013_6413b0,gen_comedy,1,True
mov_the_hateful_eight_2015_af07b3,gen_drama,1,True
mov_the_heat_2013_48cca6,gen_action,1,True
mov_the_heat_2013_48cca6,gen_comedy,2,False
mov_the_hobbit_the_battle_of_the_five_armies_2014_8354f9,gen_adventure,1,True
mov_the_hobbit_the_battle_of_the_five_armies_2014_8354f9,gen_fantasy,2,False
mov_the_host_2013_276388,gen_sci_fi,1,True
mov_the_host_2013_276388,gen_romance,2,False
mov_the_hundred_foot_journey_2014_bdf373,gen_drama,1,True
mov_the_hunger_games_2012_aa4536,gen_action,1,True
mov_the_hunger_games_2012_aa4536,gen_sci_fi,2,False
mov_the_hunger_games_mockingjay_part_1_2014_61fcfd,gen_sci_fi,1,True
mov_the_hunger_games_mockingjay_part_1_2014_61fcfd,gen_adventure,2,False
mov_the_hunger_games_mockingjay_part_2_2015_2d9d77,gen_sci_fi,1,True
mov_the_huntsman_winter_s_war_2016_2ef25d,gen_fantasy,1,True
mov_the_iceman_2013_f452a2,gen_drama,1,True
mov_the_iceman_2013_f452a2,gen_thriller,2,False
mov_the_identical_2014_f8dfcc,gen_religious,1,True
mov_the_identical_2014_f8dfcc,gen_musical,2,False
mov_the_imitation_game_2014_f85ea9,gen_drama,1,True
mov_the_impossible_2012_a08667,gen_drama,1,True
mov_the_incredible_burt_wonderstone_2013_e7def4,gen_comedy,1,True
mov_the_infiltrator_2016_1ebf4b,gen_drama,1,True
mov_the_infiltrator_2016_1ebf4b,gen_biography,2,False
mov_the_intern_2015_4dab2f,gen_comedy,1,True
mov_the_internship_2013_a3a021,gen_comedy,1,True
mov_the_interview_2014_af1059,gen_action,1,True
mov_the_interview_2014_af1059,gen_comedy,2,False
mov_the_judge_2014_810634,gen_comedy,1,True
mov_the_judge_2014_810634,gen_drama,2,False
mov_the_lady_in_the_van_2015_ba89f1,gen_comedy,1,True
mov_the_lady_in_the_van_2015_ba89f1,gen_drama,2,False
mov_the_last_exorcism_part_ii_2013_f93ad9,gen_horror,1,True
mov_the_last_exorcism_part_ii_2013_f93ad9,gen_thriller,2,False
mov_the_last_stand_2013_d23463,gen_action,1,True
mov_the_last_witch_hunter_2015_b2c97b,gen_action,1,True
mov_the_last_witch_hunter_2015_b2c97b,gen_fantasy,2,False
mov_the_lazarus_effect_2015_b17d69,gen_horror,1,True
mov_the_legend_of_hercules_2014_598273,gen_action,1,True
mov_the_legend_of_hercules_2014_598273,gen_adventure,2,False
mov_the_legend_of_tarzan_2016_093f1b,gen_action,1,True
mov_the_legend_of_tarzan_2016_093f1b,gen_adventure,2,False
mov_the_lego_movie_2014_58c2ad,gen_family,1,True
mov_the_letters_2015_bac2a6,gen_drama,1,True
mov_the_lucky_one_2012_d3ad30,gen_drama,1,True
mov_the_lucky_one_2012_d3ad30,gen_romance,2,False
mov_the_man_from_u_n_c_l_e_2015_442955,gen_action,1,True
mov_the_man_from_u_n_c_l_e_2015_442955,gen_comedy,2,False
mov_the_man_with_the_iron_fists_2012_06c447,gen_action,1,True
mov_the_man_with_the_iron_fists_2012_06c447,gen_fantasy,2,False
mov_the_martian_2015_8cbdee,gen_sci_fi,1,True
mov_the_master_2012_3f508a,gen_drama,1,True
mov_the_maze_runner_2014_315be1,gen_sci_fi,1,True
mov_the_maze_runner_2014_315be1,gen_mystery,2,False
mov_the_mermaid_2016_9844f4,gen_sci_fi,1,True
mov_the_mermaid_2016_9844f4,gen_fantasy,2,False
mov_the_monuments_men_2014_7dea8b,gen_drama,1,True
mov_the_mortal_instruments_city_of_bones_2013_de112f,gen_action,1,True
mov_the_mortal_instruments_city_of_bones_2013_de112f,gen_fantasy,2,False
mov_the_night_before_2015_a559a0,gen_comedy,1,True
mov_the_november_man_2014_a19c46,gen_thriller,1,True
mov_the_nut_job_2014_c60fca,gen_family,1,True
mov_the_oogieloves_in_the_big_balloon_adventure_2012_59b17d,gen_family,1,True
mov_the_other_woman_2014_0745cb,gen_comedy,1,True
mov_the_peanuts_movie_2015_ae4a7b,gen_animation,1,True
mov_the_peanuts_movie_2015_ae4a7b,gen_comedy,2,False
mov_the_perfect_guy_2015_e69b98,gen_thriller,1,True
mov_the_perfect_match_2016_863618,gen_romance,1,True
mov_the_perks_of_being_a_wallflower_2012_d4f3fc,gen_drama,1,True
mov_the_pirates_band_of_misfits_2012_a2460b,gen_comedy,1,True
mov_the_pirates_band_of_misfits_2012_a2460b,gen_action,2,False
mov_the_place_beyond_the_pines_2013_0655a6,gen_crime,1,True
mov_the_place_beyond_the_pines_2013_0655a6,gen_drama,2,False
mov_the_possession_2012_5c1aa2,gen_horror,1,True
mov_the_possession_2012_5c1aa2,gen_thriller,2,False
mov_the_purge_2013_b01040,gen_sci_fi,1,True
mov_the_purge_2013_b01040,gen_thriller,2,False
mov_the_purge_election_year_2016_10f2cc,gen_horror,1,True
mov_the_purge_election_year_2016_10f2cc,gen_thriller,2,False
mov_the_raid_2_2014_e68838,gen_action,1,True
mov_the_raid_redemption_2012_63a244,gen_action,1,True
mov_the_raven_2012_430097,gen_thriller,1,True
mov_the_revenant_2015_07d951,gen_thriller,1,True
mov_the_second_best_exotic_marigold_hotel_2015_d8e873,gen_comedy,1,True
mov_the_second_best_exotic_marigold_hotel_2015_d8e873,gen_drama,2,False
mov_the_second_mother_2015_7313da,gen_drama,1,True
mov_the_secret_life_of_pets_2016_7deb7e,gen_adventure,1,True
mov_the_secret_life_of_pets_2016_7deb7e,gen_comedy,2,False
mov_the_secret_world_of_arrietty_2012_7f4494,gen_adventure,1,True
mov_the_shallows_2016_a1304f,gen_horror,1,True
mov_the_signal_2014_59e157,gen_sci_fi,1,True
mov_the_single_moms_club_2014_75069a,gen_comedy,1,True
mov_the_smurfs_2_2013_0b8d45,gen_adventure,1,True
mov_the_smurfs_2_2013_0b8d45,gen_family,2,False
mov_the_spectacular_now_2013_72e0cb,gen_drama,1,True
mov_the_spongebob_movie_sponge_out_of_water_2015_928be1,gen_adventure,1,True
mov_the_spongebob_movie_sponge_out_of_water_2015_928be1,gen_comedy,2,False
mov_the_sweet_escape_2015_ae4805,gen_comedy,1,True
mov_the_theory_of_everything_2014_dd130c,gen_biography,1,True
mov_the_theory_of_everything_2014_dd130c,gen_drama,2,False
mov_the_three_stooges_2012_84bdd7,gen_comedy,1,True
mov_the_transporter_refueled_2015_0de5eb,gen_action,1,True
mov_the_transporter_refueled_2015_0de5eb,gen_thriller,2,False
mov_the_twilight_saga_breaking_dawn_part_2_2012_2a8a9b,gen_fantasy,1,True
mov_the_twilight_saga_breaking_dawn_part_2_2012_2a8a9b,gen_drama,2,False
mov_the_vatican_tapes_2015_56edbb,gen_horror,1,True
mov_the_visit_2015_009175,gen_horror,1,True
mov_the_visit_2015_009175,gen_thriller,2,False
mov_the_walk_2015_dd20b4,gen_biography,1,True
mov_the_watch_2012_844eef,gen_comedy,1,True
mov_the_water_diviner_2014_adc683,gen_drama,1,True
mov_the_way_way_back_2013_f33bca,gen_comedy,1,True
mov_the_way_way_back_2013_f33bca,gen_drama,2,False
mov_the_wedding_ringer_2015_7b0cc7,gen_romance,1,True
mov_the_wedding_ringer_2015_7b0cc7,gen_comedy,2,False
mov_the_witch_2016_8a47a4,gen_horror,1,True
mov_the_wolverine_2013_2c5765,gen_action,1,True
mov_the_wolverine_2013_2c5765,gen_adventure,2,False
mov_the_woman_in_black_2012_ddca43,gen_horror,1,True
mov_the_woman_in_black_2012_ddca43,gen_thriller,2,False
mov_the_woman_in_black_angel_of_death_2014_203c42,gen_horror,1,True
mov_the_world_s_end_2013_63b63e,gen_comedy,1,True
mov_the_world_s_end_2013_63b63e,gen_sci_fi,2,False
mov_the_young_messiah_2016_3d45b3,gen_drama,1,True
mov_think_like_a_man_2012_c4f494,gen_comedy,1,True
mov_think_like_a_man_2012_c4f494,gen_romance,2,False
mov_this_is_the_end_2013_a415ec,gen_comedy,1,True
mov_this_is_the_end_2013_a415ec,gen_sci_fi,2,False
mov_this_is_where_i_leave_you_2014_132a91,gen_comedy,1,True
mov_this_means_war_2012_c8f657,gen_action,1,True
mov_this_means_war_2012_c8f657,gen_romance,2,False
mov_top_five_2014_e54b14,gen_comedy,1,True
mov_top_gun_3d_2013_81d7c8,gen_action,1,True
mov_total_recall_2012_a15016,gen_action,1,True
mov_total_recall_2012_a15016,gen_sci_fi,2,False
mov_trance_2013_fa7bda,gen_crime,1,True
mov_transcendence_2014_5fe514,gen_sci_fi,1,True
mov_transcendence_2014_5fe514,gen_thriller,2,False
mov_triple_9_2016_080f02,gen_crime,1,True
mov_triple_9_2016_080f02,gen_drama,2,False
mov_trouble_with_the_curve_2012_942da7,gen_drama,1,True
mov_trouble_with_the_curve_2012_942da7,gen_sports,2,False
mov_trumbo_2015_aa1025,gen_drama,1,True
mov_truth_2015_ce12bd,gen_drama,1,True
mov_turbo_2013_204a18,gen_comedy,1,True
mov_turbo_2013_204a18,gen_family,2,False
mov_tusk_2014_0f943b,gen_horror,1,True
mov_unbroken_2014_7241db,gen_drama,1,True
mov_unfinished_business_2015_b3d317,gen_comedy,1,True
mov_unfriended_2014_9391ee,gen_horror,1,True
mov_vacation_2015_f014f5,gen_adventure,1,True
mov_vacation_2015_f014f5,gen_comedy,2,False
mov_vampire_academy_2014_e7d4e0,gen_action,1,True
mov_vampire_academy_2014_e7d4e0,gen_romance,2,False
mov_veronica_mars_2014_4a7494,gen_mystery,1,True
mov_veronica_mars_2014_4a7494,gen_drama,2,False
mov_victor_frankenstein_2015_527889,gen_horror,1,True
mov_wanderlust_2012_f1a740,gen_comedy,1,True
mov_war_dogs_2016_34d564,gen_crime,1,True
mov_war_dogs_2016_34d564,gen_comedy,2,False
mov_war_room_2015_880ea5,gen_drama,1,True
mov_warcraft_2016_d79cc7,gen_action,1,True
mov_warcraft_2016_d79cc7,gen_fantasy,2,False
mov_warm_bodies_2013_d8df43,gen_comedy,1,True
mov_warm_bodies_2013_d8df43,gen_horror,2,False
mov_what_maisie_knew_2013_6755ed,gen_drama,1,True
mov_what_to_expect_when_you_re_expecting_2012_fa363e,gen_comedy,1,True
mov_when_the_game_stands_tall_2014_10162a,gen_religious,1,True
mov_when_the_game_stands_tall_2014_10162a,gen_drama,2,False
mov_whiplash_2014_365fea,gen_drama,1,True
mov_whiskey_tango_foxtrot_2016_9d0f8d,gen_drama,1,True
mov_whiskey_tango_foxtrot_2016_9d0f8d,gen_comedy,2,False
mov_white_house_down_2013_5a027b,gen_action,1,True
mov_wild_2014_8ab4f5,gen_drama,1,True
mov_winter_s_tale_2014_685fd0,gen_drama,1,True
mov_winter_s_tale_2014_685fd0,gen_fantasy,2,False
mov_wish_i_was_here_2014_ba063a,gen_drama,1,True
mov_wish_i_was_here_2014_ba063a,gen_comedy,2,False
mov_woman_in_gold_2015_d3a7b1,gen_drama,1,True
mov_won_t_back_down_2012_82e152,gen_drama,1,True
mov_woodlawn_2015_802501,gen_drama,1,True
mov_world_war_z_2013_f45179,gen_action,1,True
mov_world_war_z_2013_f45179,gen_horror,2,False
mov_wrath_of_the_titans_2012_da9e68,gen_action,1,True
mov_wrath_of_the_titans_2012_da9e68,gen_adventure,2,False
mov_x_men_apocalypse_2016_70b605,gen_action,1,True
mov_x_men_days_of_future_past_2014_6904dc,gen_action,1,True
mov_x_men_days_of_future_past_2014_6904dc,gen_adventure,2,False
mov_you_re_next_2013_b6035f,gen_horror,1,True
mov_zero_dark_thirty_2012_0b8eb0,gen_drama,1,True
mov_zhong_kui_snow_girl_and_the_dark_crystal_2015_cfd2f5,gen_romance,1,True
mov_zhong_kui_snow_girl_and_the_dark_crystal_2015_cfd2f5,gen_fantasy,2,False
mov_zoolander_2_2016_177880,gen_comedy,1,True
